{"cameraMode":{"drawMode":2,"name":"Shaded Wireframe","section":"Shading Mode"},"sceneLighting":false,"audioPlay":false,"sceneViewState":{"m_AlwaysRefresh":true,"showFog":true,"showSkybox":false,"showFlares":true,"showImageEffects":true,"showParticleSystems":true,"showVisualEffectGraphs":true,"m_FxEnabled":false},"in2DMode":false,"pivot":{"x":-0.029999971389770509,"y":1.0800000429153443,"z":-7.199999809265137},"rotation":{"x":0.04152565449476242,"y":-0.1478244513273239,"z":0.006212044507265091,"w":0.9881238341331482},"size":0.8581458330154419,"orthographic":true}